Company name,Domain,Email,Phone number
Guerrero Inc,jackson-burns.biz,jonesgary@gmail.com,0887992285
Wilson-Dalton,chase-morales.net,renee97@gmail.com,001-768-050-7201
Morgan Group,marquez-jones.com,tylerandrea@yahoo.com,+1-785-067-3071x660
Reed-Stokes,clark.com,derrickcook@ball.org,211.569.2810
Norris-Fox,arnold.com,shahmary@hotmail.com,001-530-222-5671x29952
Pugh LLC,gallagher-jackson.com,davidschroeder@gmail.com,046-540-3036x585
Adams Ltd,hendricks.com,jorgedavis@yahoo.com,122.675.4072x549
'Rice, Owens and Mcmillan',joseph.info,patricia96@reyes-myers.info,(715)107-2946x822
'Williamson, Gibson and Jones',smith-rodriguez.biz,stevenalexander@yahoo.com,445-051-9124x53203
'Wilkins, Martinez and White',stark.com,davistracy@hotmail.com,001-325-057-7919x8474
'Jenkins, Cunningham and Jones',davis.com,brownjoseph@yahoo.com,001-155-356-5401x51110
Cherry-Archer,nelson.info,christopherweber@gmail.com,950.292.1266x93976
Quinn-Tapia,mills.com,galvankrystal@gmail.com,0592120971
Peterson-Faulkner,davis.info,cainmark@thompson.com,5795285594
'White, Davis and Collins',bautista-maddox.org,znelson@davis.com,001-938-959-0472x091
Bowman-Davis,santana.com,nicolewoodard@hampton-silva.com,+1-218-377-8453x8648
Trujillo Ltd,potter.biz,benjaminsanford@yahoo.com,020-196-3238
'Woodard, Jones and Ballard',jones.org,rgrant@welch-glenn.org,001-625-530-1194x2578
Nelson PLC,cole.com,jbrown@yahoo.com,(010)627-2951x6546
'Hernandez, Hernandez and Fleming',harris.biz,wallacelinda@hotmail.com,001-534-922-3731x77459
Sanders LLC,murphy-ortiz.info,bullockelizabeth@hotmail.com,+1-686-948-2343
'Hernandez, Castro and Smith',mendez.com,mendezsamuel@watts-silva.com,600.072.8417x10789
Velazquez and Sons,hess.com,davidsonamanda@gmail.com,283.650.9341x86878
'Bowers, Rowland and Jones',washington-wilson.biz,william19@lamb-bowman.com,(920)631-1677x793
'King, Wu and Sherman',gonzalez.com,jacksonpaul@oconnor.com,254.379.2765x0261
'Torres, Snyder and Hampton',peterson.com,daniel21@davis.com,7733332629
Boone-Harvey,flores.com,kjohnson@stephens.com,+1-683-676-2413x6355
'Nichols, Moon and Smith',nichols.com,hillgabrielle@gilbert-larson.biz,(419)204-9285x50301
'Davis, Smith and Day',peters-jones.net,xburns@irwin-brown.com,917.473.3978x593
Sullivan Inc,walker.com,martinezjodi@villarreal-paul.com,985.043.5449x724
Green and Sons,cobb.com,hannah53@soto.com,001-922-876-4750x262
Brown-Mckinney,brown.com,danielroman@diaz-thomas.com,(320)623-6815x21626
Solis Group,osborne-aguilar.com,sarahrobinson@gmail.com,001-620-117-1297
Torres-Hodge,robinson.com,stevennorman@hotmail.com,661-246-5190
'Wu, Haney and Martin',delacruz.com,robert38@barber.org,991-202-1853
Moore Ltd,waters.com,kaylasummers@mccarthy.com,927-440-3519
Chapman-Byrd,jimenez-walker.com,larsenrichard@yahoo.com,759-759-5303x585
'Williams, Gonzalez and Meza',evans.info,rmontes@gibbs.com,483.926.7694
Jones-Gallegos,eaton.info,eking@hotmail.com,056.669.9736
Jimenez Inc,duncan-washington.com,jsmith@hotmail.com,399-809-7605x675
Martin-Jones,lopez-lynn.biz,slopez@yang.net,+1-149-871-2964
'Wilcox, Jackson and Gomez',harrington-mcgee.info,jasondougherty@jones.org,607.251.8014
Davis-Gamble,kim.com,jonesphillip@wilson.com,+1-283-454-4993x946
Gaines Group,garcia.biz,uclark@horne.com,(822)863-0408x4633
Alexander PLC,peterson.info,veronica71@yahoo.com,7184146213
Holmes LLC,hodges.com,dcook@gmail.com,485.353.2914x940
Miller-Taylor,grant-hernandez.com,jacobromero@hotmail.com,509.474.6489
Hall LLC,townsend-norman.biz,castillocynthia@boyle-green.com,001-372-342-8564x9500
Travis-Cross,cole.biz,ncampos@gmail.com,(296)051-6971x069
'Moore, Nielsen and Lee',mcclain.net,kmathis@gmail.com,580-220-4167x44862
Blair-Rivera,butler-carroll.com,kristinbryant@sherman.com,1096666670
'Murray, Nguyen and Huynh',horton.com,hollyrichards@gmail.com,361-949-5539x890
'Johnson, Smith and Huff',tyler.biz,ahood@collins.com,620.869.2355x20868
Osborne-Lewis,sheppard-owens.biz,poolestephen@gmail.com,542-023-0348
'Miranda, Schmidt and Foley',jones-dennis.org,wgibson@hotmail.com,(261)279-4030
Yoder LLC,hunter.com,nhood@yahoo.com,(617)073-5548x8522
Stevens and Sons,bowman.com,crosbypaul@gomez.com,(306)897-4158
Miller-Wallace,bryant.com,ocoleman@yahoo.com,631-898-6990x90897
Zimmerman-Clark,hancock.net,nelsontheresa@gmail.com,(161)188-1998x2742
Montgomery LLC,peters-ryan.com,copelandjeremy@pennington.com,484-659-9580x9962
Rodriguez-Patterson,douglas.com,kylebenson@sims-moss.com,001-135-067-0346x84956
'Hall, Smith and Smith',diaz.biz,pamela67@johnson.com,6147814477
Morales PLC,nixon.net,panthony@gmail.com,633-297-5484x6874
Perry Inc,smith.com,ecook@hotmail.com,+1-842-012-6672x0384
Best Inc,johnson.com,kimberlyhoover@burns.info,383.385.3171x89957
Johnson LLC,weber.com,andersonmichael@maldonado.com,0967452539
Lopez Inc,rose.org,fmcintosh@yahoo.com,666-728-0822x32186
Mathis Group,conley-kirk.org,evanswalter@gmail.com,159.296.4400x784
'Sutton, Smith and Salinas',alexander-vasquez.com,flemingashley@hotmail.com,9731319344
'Johnson, Mendez and Gray',turner-wolf.biz,sking@sanchez.org,001-841-168-0197x0139
Thomas Ltd,vaughn.com,castanedarichard@arnold-johnson.com,(057)185-5452x1152
'Smith, Davidson and Haynes',solis.com,paulbauer@hayes.org,+1-243-815-9108x9042
Brown LLC,garcia.com,foxmichael@gmail.com,7506222035
Ball and Sons,moore.net,ecardenas@hotmail.com,+1-841-763-6619x1556
Dickerson PLC,hernandez.com,rparker@hotmail.com,643.442.4527x598
'Hernandez, Osborne and Bishop',waters-fischer.com,ysavage@cooper.com,001-016-771-8707x3730
Bryant-Sheppard,shelton.net,nielsenjames@yahoo.com,805-365-0787x078
Carr-Gutierrez,wilson.biz,alicia16@parker-wheeler.net,361.755.6194x9820
Wilson-Wright,grant-wolfe.com,angelica01@yahoo.com,(189)056-7857x477
'Graham, Bullock and Gomez',harris.com,emily49@gmail.com,546-623-2470x511
'Johnson, Rowe and Lopez',patel.com,karencampbell@johnson.org,001-542-998-2169x411
Higgins-Stone,barnes.com,kevinbrown@contreras.org,(182)976-2008
Smith-Coleman,williams-hernandez.info,dmolina@yahoo.com,999.814.3042x3582
Mayo-Smith,white.com,ariel94@nelson-wright.com,001-781-909-6700x95844
'Briggs, Martin and Butler',jackson.com,agibson@gmail.com,001-419-099-7130x7861
Kaiser-Johnson,ray.biz,andrewscathy@gmail.com,(307)093-7116x07484
Mcclure LLC,dominguez-watson.com,ariel71@hotmail.com,001-308-870-8119
Reese Group,lewis.com,nathandavis@hotmail.com,(975)717-6563x541
Mcdowell-Butler,nelson-kaufman.com,figueroadavid@hotmail.com,+1-283-497-0914x244
Davidson and Sons,gibson.com,brad64@gmail.com,072.668.6301
'Jones, Davis and Jones',johnson-lyons.com,tracy49@wilson.com,(626)703-5586x0593
Frazier PLC,hammond.net,ronald92@yahoo.com,1268100033
'Pratt, Simmons and Brown',rogers-munoz.com,adamsjacqueline@lee.com,(011)265-2590
White-Castillo,shaw-mayer.com,wagnerjennifer@yahoo.com,(281)985-4987x740
'Bradley, Hunt and Fuentes',park.com,mccormickdouglas@stewart.com,245.922.4251
Choi and Sons,nelson.org,heather77@gmail.com,001-449-484-3713x368
Rose-Gordon,wade.com,bkemp@yahoo.com,+1-223-602-6541
'Byrd, Brown and Sanchez',thomas.com,julia89@gmail.com,038.107.6821
David Inc,osborne.com,samuel08@yahoo.com,+1-571-294-4345x879
Coleman PLC,reed.com,lindseyshaw@yahoo.com,265-480-2385
'Norton, Thomas and Duncan',diaz-mccormick.com,grayeric@vargas-hopkins.com,(981)367-3728
Copeland Group,mckinney.com,davidmitchell@yahoo.com,047-784-4906
Nunez-Black,rivera.biz,mossjamie@hall.org,8411881355
'Taylor, Davis and Barton',smith.biz,larsonronald@hotmail.com,296.720.6030
'Martinez, Mcgee and Mccarthy',morris-martin.info,benjamingregory@day.com,(390)495-8469x53936
Mccarthy-Mcintosh,sanchez.com,adam01@freeman.com,376-786-5069
Baker-Rodgers,hartman.com,wagnergeorge@henson.com,(446)012-1583x0141
Martin PLC,porter.biz,igarcia@gmail.com,(336)739-4630x8454
Luna LLC,wright-diaz.com,christinejimenez@gmail.com,(867)490-0136
'Riley, Flores and Hood',walker.com,dawnking@brown.com,001-998-838-2171x2561
Clark PLC,miller.org,christopherlittle@yahoo.com,344-970-0850
Bush-Nelson,hicks.com,ashleywu@gmail.com,4625853414
Sharp PLC,perry-johnson.biz,stephaniehoward@hotmail.com,8037505773
Coffey Inc,rodriguez-newman.com,latoya46@yahoo.com,(720)870-1508
'Jones, Rogers and Smith',tran.com,josephcobb@wood-wilson.com,001-966-094-1908x517
Lopez LLC,cox.com,jacob83@yahoo.com,001-232-275-3280
'Campbell, Garrett and Williams',johnson.com,alexismcclure@peterson.info,(651)765-5735
Hanson-Romero,williams.com,pgutierrez@cruz.org,(124)542-6938x721
Horton-Smith,ortiz.com,odavis@hotmail.com,+1-552-497-0776x110
Bernard Inc,martin.com,hollandnicholas@yahoo.com,739-343-6049x0203
Brown Inc,parks.com,maxwellmay@yahoo.com,(689)098-0158
'Miller, Thomas and Becker',farmer.com,chavezbrianna@gmail.com,3186575492
'Roberson, Jones and Cohen',mosley.com,sandrarodriguez@bowen.com,001-002-282-6511x8083
'Huang, Duran and Dixon',nguyen.biz,rwatson@yahoo.com,250-895-9389x5955
Rodriguez and Sons,barker.net,pwhite@yahoo.com,539-476-3196
Wheeler LLC,walker.biz,darrenbeasley@yahoo.com,(130)189-7581
Williams LLC,washington-thompson.biz,jennifer13@clark.biz,+1-327-453-8258x072
Anderson LLC,rodriguez-duffy.com,russellrubio@keller-phelps.com,026-696-3336x3810
Marshall-Donaldson,kelly.biz,jason33@duran-crawford.net,+1-490-939-9208x472
'Anderson, Richardson and Johnson',hinton.info,melaniecontreras@morgan.com,321-526-5389
Vazquez-Powell,jimenez.info,davisdeborah@yahoo.com,197.944.8593x677
Reyes-Case,webb-garcia.com,stephensbradley@lopez.com,8594714600
'Thomas, Reilly and Lopez',guerra-smith.com,nancy22@yahoo.com,0152341457
'Scott, Perry and Reed',heath-booth.info,cmartinez@blackwell.info,828.328.5682x4670
Edwards PLC,kim.net,juan01@hill.com,(399)513-9565x72223
Green and Sons,peterson.com,collinsgregory@pittman.biz,548-091-1957x63215
Silva-Butler,meyer.biz,bperez@watson-mack.net,479-572-7080x142
'Davis, Patterson and Daniel',spencer.com,carriedaniels@hotmail.com,920.377.2479
'Wolf, May and Zuniga',merritt-mora.info,kimberly42@gmail.com,092.218.5994x2361
Stark Inc,williams.com,mitchellvictoria@gmail.com,001-907-854-4249x1764
Salinas-Johnson,williams.info,tphillips@miller-kelly.org,(678)903-0399
Wong-Johnson,young.info,vanessacooper@ferguson.com,704-205-7109x348
'Floyd, Allen and Day',taylor.com,tnelson@bailey-watkins.com,528-554-7536
'Taylor, Morris and Clark',dean-rogers.com,lisahartman@singleton.com,+1-940-224-2112x00442
Sullivan-Edwards,kim-gross.com,baileymisty@gmail.com,333-679-9351x35800
Hensley Ltd,obrien.org,dsullivan@yahoo.com,(017)485-4200x053
'Smith, Baker and Wilson',fisher.com,briannahawkins@mann.com,736-879-3287x4975
Contreras-Bradley,andrews.com,nguyenjesse@hotmail.com,001-726-805-7976x46435
Dickson LLC,frank.org,marcusroy@roberts.info,113.712.1140
'Diaz, Curry and Bennett',smith.com,annette40@hotmail.com,7518807760
Douglas and Sons,roberts.com,jessica26@yahoo.com,001-077-764-8962x67287
Perry-Dennis,walker-lee.com,justin13@yahoo.com,001-221-354-8939x256
Jones PLC,keller.info,ralphsmith@yahoo.com,204-416-9536x2274
Anderson LLC,patrick.com,bhill@noble-gomez.com,2581028855
Weber and Sons,johnson.info,nfischer@yahoo.com,656-649-6203
'Martin, Shannon and Lawrence',phillips-mccarthy.com,hensleysierra@gmail.com,5265239090
'Porter, Davis and Collier',richards-mora.com,javier38@rose.com,+1-569-309-1294x913
'Clark, Stout and Anderson',little.com,martintyler@hotmail.com,266.155.3002
Kaiser LLC,johnson-morales.org,eroy@yahoo.com,199.386.6249x966
Andrews-Mcmahon,harrington.com,johnsonamber@gmail.com,1521196661
Garcia-Monroe,edwards-benjamin.com,ryan03@stone.com,392-054-3290x126
'Smith, Gill and Smith',tanner-mathews.biz,zyoung@yahoo.com,237.249.4033
Armstrong-Kelly,osborn.com,michael99@gmail.com,+1-911-125-0668
Mcconnell Inc,thompson.com,carlsonrebecca@gmail.com,500.187.5615x135
Lopez Ltd,taylor.com,gavin88@hotmail.com,+1-996-841-8226
Gomez and Sons,johnson.com,ehammond@yahoo.com,0007262663
'Garcia, Peters and Novak',martinez.com,velezdeborah@smith.com,(323)585-5523x839
Wright-Booker,green.com,kayla39@rodriguez.com,001-585-465-2915x33965
Norton LLC,holloway.com,cassandra73@gmail.com,158.832.8216x6591
'Garza, Gomez and Alvarez',thomas.com,jonesmargaret@larsen.com,638-693-2953x98852
'Beard, Martinez and Harrison',nichols.com,petersonbrian@mora.com,+1-233-629-4939x638
'Fisher, Reeves and Schneider',dean.com,grace47@gmail.com,576.706.2981x30160
Hudson-Brown,williams-evans.com,justinedwards@sosa-garcia.biz,(836)108-6736
'Porter, Lang and Horn',olsen.com,fsalas@yahoo.com,001-888-854-2300x563
Haas-Haynes,black.com,bobjohnson@gmail.com,362.086.0623x5345
Maldonado-Fischer,stokes-peterson.com,perrylisa@yahoo.com,+1-270-258-2370x88276
Smith Group,casey.com,michaelpotts@hughes.net,(255)020-4157x315
Lopez-Watson,johnson.org,joshua31@yahoo.com,+1-456-208-8753
Payne-Rosario,brooks-fox.net,joel94@hotmail.com,985.476.6717
'Perry, Fields and Allison',humphrey.org,hermankristin@hotmail.com,(190)338-2563
Norman and Sons,nguyen.com,turnerbethany@ochoa-keller.com,517.110.1751x84447
Shelton-Decker,james-miller.info,reginald33@gmail.com,460-274-5760x34941
'Phillips, Rojas and Gomez',martin-greene.com,ewinganthony@yahoo.com,001-122-118-7001x41745
'Thompson, Davis and Lopez',martin.com,cristinamorgan@gmail.com,3295390039
Hall Inc,lin-perez.biz,nataliecampbell@rowe.org,(311)634-4575x06418
Byrd Group,harvey.org,ibooker@yahoo.com,6407272148
Wolf-Martinez,simon.com,kristinacruz@johnson.com,001-763-248-0038
Anderson-Lawrence,torres.com,tcraig@yahoo.com,+1-756-466-5806x210
'Hardin, Baker and Fernandez',flores.com,joseph40@yahoo.com,689.302.6393
Wood-Salinas,johnson-hoffman.com,jessicapeterson@yahoo.com,001-529-293-3548x616
'Bridges, Acosta and Dunn',norton-baker.com,spitts@gmail.com,242.551.9806
Wright-Lynch,lozano-davis.com,molly01@hotmail.com,+1-140-790-7687x109
Camacho-Fox,rasmussen.com,michael67@gmail.com,+1-619-897-6365x6997
'Jimenez, Shelton and Parrish',davis.com,johnnygriffin@yahoo.com,(142)542-9329x72938
Summers Ltd,fernandez.biz,ralphwright@neal.com,031-168-9174
Richards Ltd,thomas-johnson.com,matthew71@gmail.com,001-666-025-2369x69596
'Franco, Harris and Greer',powers.com,vkelley@walker.com,001-546-926-0646x430
Johnson-Young,douglas.com,sanchezmichael@hotmail.com,(201)316-8587x934
Little-Shelton,pierce.org,westrobin@larson.com,(398)442-7809
Ochoa PLC,cox-bennett.com,hughesjaclyn@wall.com,001-073-828-5845x60592
'Green, Day and Miller',parker.com,christopherkaufman@mccann-holloway.com,606-533-5486
Roth-Johnson,lucas.com,robertwilliams@hotmail.com,588-869-4105x745
Smith and Sons,hall.info,flawrence@gmail.com,(794)299-4216x918
Martinez-Barnett,white.info,cheryl31@jones.com,001-719-525-6135x768
Nelson Ltd,davis.com,megan48@hotmail.com,(474)398-0708
Leonard Group,cox.biz,jeffreyortiz@hotmail.com,424-101-6205x23790
Morgan LLC,patel-watts.org,bwilson@peters-oconnell.info,001-321-940-3046
Porter PLC,perez.net,gregory24@armstrong-best.com,960.843.2445x5676
'Adams, King and Beard',freeman.com,bowmanlisa@yahoo.com,0115130177
Martinez Inc,thomas.com,logan17@hotmail.com,492.424.7523x3191
'Thomas, Mccoy and Smith',clark-marsh.org,johnsoncarrie@gonzalez.biz,+1-134-634-1834x70516
'Vega, Myers and Gray',finley.com,jennifer21@cunningham-clark.info,2649954998
Robinson-Franklin,barker.net,qjones@hotmail.com,8401107408
Washington-Graves,saunders-fernandez.com,katie40@yahoo.com,267-813-3761
'Johns, Curtis and Chavez',phillips.com,nicole68@gmail.com,+1-605-793-5962x552
Barrett Group,gutierrez.info,christopher25@yahoo.com,(948)280-0927
Holt Group,webster.com,janetmorgan@hotmail.com,052.583.5195x49636
Koch-Manning,cook-gonzales.info,iwilliams@grant-woods.com,(076)581-1908
Watson-Crawford,campbell-martin.com,iho@yahoo.com,379.268.4037x607
Kline-Robinson,horne-underwood.org,hawkinskristina@rush.com,658-012-5115x688
Walter-Armstrong,blake-valdez.biz,wmitchell@garcia.com,572.845.9742
'Watson, Bartlett and Roberts',williams.com,stevenmueller@hotmail.com,001-808-690-6738x3661
Wyatt-Davis,mcdonald.net,joshua30@collins.net,297-443-0009x10280
Beck PLC,fields.org,thompsonjuan@price.info,023.035.4917x1469
Romero-Preston,parks.com,jeffreypacheco@morrow-beck.com,002.658.2638x1175
Landry and Sons,simpson.biz,allenmark@hotmail.com,001-441-981-7010
Ross PLC,berg-stuart.org,ofoster@gmail.com,(354)358-0249
Mitchell-Curtis,ingram.com,gaguilar@webb.com,001-215-493-1567x1268
Lewis-Cox,perry.biz,matthew84@gmail.com,001-265-106-9626x50307
'Lowe, Mcknight and Hernandez',cooper.info,steveningram@yahoo.com,(327)468-3529x526
Brown and Sons,townsend.com,davistravis@yahoo.com,+1-516-735-8628x580
Little PLC,eaton.com,lopezsamuel@castillo-rivera.com,(089)605-1598x727
Cunningham Group,hughes.biz,perrycarter@gmail.com,561-314-6454x67283
Schmitt LLC,morris.com,wilsoncharles@jones.com,6949333816
Santiago and Sons,cox.info,smithlisa@lucero.com,(758)711-4760x6797
Wilson-Bond,smith-coffey.com,gilljason@gmail.com,001-628-864-9950x378
Roy-Green,lee.net,gbrown@west-roberts.info,504.239.1183x11138
'Carter, Ferguson and Owens',thompson.org,pattysantana@gmail.com,201-397-6949x66823
Wheeler Inc,brown-hughes.net,joseph62@smith.info,172.929.0725x9864
Figueroa-Hansen,gilbert-nelson.com,zthompson@garcia.com,+1-414-365-1806x7651
Carey Group,wood.com,sgregory@roberts-williams.com,001-157-999-3535x954
'Crawford, Dorsey and Weber',rodriguez-sandoval.biz,cjohnson@gmail.com,749-964-9057
Velez and Sons,moses-dickson.info,melissabarton@bell.com,(155)628-2394
Snyder-Fowler,barnett-cunningham.net,betty27@gmail.com,6757569664
Owens-Sanchez,cole.net,bsloan@rivas.com,001-827-302-6755x06800
Tucker-Wallace,beltran.com,zcastaneda@payne.com,001-970-986-1917x97913
Jimenez-Sandoval,george-thomas.com,john15@webster.net,001-605-076-7931x3695
Curry-Morales,crane.info,brian23@hotmail.com,(136)370-0767
Carter-Skinner,brown.com,melissa75@miranda.info,001-472-035-4192x3573
Baxter PLC,smith.biz,amandamiller@gonzalez.com,403.148.4930
'Kennedy, Cohen and Nelson',suarez.com,nmiller@wilson.com,838-328-6945
Delgado Inc,vasquez.com,christopher71@hotmail.com,223.513.5850
Garcia-Watkins,livingston.com,hlopez@yahoo.com,443-316-3235x618
Delacruz-Hardy,harrison-charles.net,maria66@brown-huffman.com,001-578-046-6717x509
Jones-Cortez,smith-murphy.com,powellbrooke@molina.org,(658)169-8602x888
'Smith, Best and Gaines',ray.com,jeanwebster@gmail.com,342.372.2991
Richardson-Andrews,hall.biz,ujones@evans.net,(924)301-8275x17465
Summers-Hoover,romero.info,scott56@gonzalez-mitchell.com,(145)419-4064x4888
Barajas PLC,wilkinson.com,charlescowan@hotmail.com,(501)378-7275x0289
Lynch-Stewart,kennedy.org,sotojessica@acosta-rodriguez.com,605-422-6538x915
Walker-Branch,cline.com,smithalexis@lindsey.com,455.939.4512
Frazier and Sons,garner.com,gmoreno@grant-flowers.com,001-240-452-2733
'Alvarez, Landry and Phelps',brown.com,medwards@hotmail.com,001-141-272-1638x24069
'Simmons, Salinas and Norton',wilson-woods.net,jasoncollins@hotmail.com,(285)166-5009x791
Moore Inc,wang.com,vasquezandrew@gmail.com,+1-634-339-4773x24836
Thomas-Mathis,lawrence.com,jackie38@hahn.info,672.890.2965
Curtis LLC,stewart.com,cmurphy@hoover.com,(815)569-5978
Jackson Ltd,tyler.net,jessica11@gilbert.com,862.365.5407x1737
Hayes Group,green.com,williamsjeremy@schmidt.com,363-650-5371x5741
'Gordon, Morrison and Herrera',garcia-dorsey.biz,zachary99@yahoo.com,(185)474-4032x3409
George-White,smith-richmond.com,gmcgee@yahoo.com,+1-354-752-0191
Rodriguez PLC,waller.info,wmyers@stephens-griffin.com,001-009-080-9354x55575
'Lane, Vaughn and Shepherd',richardson.com,jeffrey64@gmail.com,310-204-5465
Stewart-Castro,smith-norris.info,jeremy57@gmail.com,(818)313-5988x3735
'Williams, Sanchez and Hunter',love.com,veronica93@smith.com,001-076-466-2849x44842
Conner-Peters,sherman.info,megan44@johnson-leon.com,+1-808-919-9102
'Lutz, Dodson and Thompson',moran-sanders.com,sonyafisher@young.biz,809-714-2534
Thompson LLC,evans-browning.com,kcase@johnson.org,+1-214-730-6653x6664
Marshall-Robertson,valdez.biz,corozco@barnes-short.com,984.875.6990x0862
'Jones, Mclaughlin and Cox',miller.info,emilyfloyd@hotmail.com,513.158.8650x13841
Lucas-Miller,jones.com,vegacory@rodriguez.com,985.461.5697x65431
'Hunt, Clements and Hunter',howard.com,elizabeth13@hotmail.com,+1-215-688-8190x864
'Henson, Nash and Hill',torres-johnson.net,nicole17@cox.com,691.623.1942x00443
Herring-Scott,huffman-morton.com,joseph37@yahoo.com,0141463410
Li-Gay,rivera-thompson.org,bsmith@yahoo.com,493-485-8844
'Levy, Williams and Mcdonald',fox.com,jenkinsantonio@adams.com,(423)753-0799x40161
'Williams, Perry and Williams',keller.biz,bonniespencer@martinez.info,+1-171-382-6167x473
'Rivera, Morgan and Thomas',norris.com,anthony10@gmail.com,+1-536-019-8885
Moore-Brown,rodriguez-gray.com,andrewbaker@navarro.org,001-795-043-3304x2263
Wilkinson Ltd,rodriguez-jackson.com,parkstephanie@gmail.com,177.834.6573x32721
Molina-Pena,murphy.com,meagan11@hotmail.com,335.591.6818x827
'Jackson, Nelson and Holt',grant-parker.com,ocole@conner.com,(554)813-5970x4491
Mcgee LLC,hernandez-adams.info,tbrown@yahoo.com,+1-050-392-7720x24502
Allen-Coffey,leach.biz,joseph23@rodriguez-ferguson.com,(115)809-7660
Powell-Thomas,barker.net,kpayne@hotmail.com,(817)775-3698x0998
'Stephens, Smith and Nunez',nielsen.biz,lindsayjoseph@nguyen.org,849-586-3947x11277
Jensen Group,murillo.biz,hernandezjohn@jones-moore.com,+1-586-774-7811x911
'Evans, White and Bowman',lopez.com,dianephillips@walker-wright.net,+1-765-620-4608
Henry and Sons,green-lawson.com,donald48@gmail.com,(405)289-2399
Figueroa-Edwards,campbell.com,marygomez@yahoo.com,961-522-6707
'Petersen, Sanchez and Vang',collins.com,colonleslie@miller-chandler.com,543.147.5238x2574
Neal-Wagner,bernard-thomas.com,jefferyvillegas@osborn.com,952.591.4491x44076
'Cooke, Galvan and Hunter',foster.com,cedwards@yahoo.com,+1-772-024-6854x1753
Thornton and Sons,edwards.com,kathryn42@frank-smith.com,+1-583-553-4055
Rhodes-Rodriguez,marshall.com,angela98@reyes-barajas.info,(600)543-4974x256
Hooper-Watts,mueller-morris.com,ohardin@cummings.com,132.593.9544x193
Brown-Morris,bell.org,cynthiaarnold@davis-sanchez.com,001-020-652-9477x5754
Green and Sons,johnson.com,kiara85@yahoo.com,(974)812-7096x075
'Medina, Hernandez and Shields',cohen-white.org,smithbrian@ramos-jones.com,124-149-9428
Mendoza-Henderson,smith.com,antonio30@yahoo.com,001-907-052-5061
'Lindsey, Mckinney and Davis',russell.com,hbutler@yahoo.com,(816)982-1416x529
Wright Inc,roach.com,agraham@wolfe.com,190-873-2589x625
'Rose, Brown and Rogers',wells.com,michael08@livingston.com,256-154-2095x25012
'White, Taylor and Roach',mills.biz,josephevans@thomas.com,553.616.6055x66498
Campbell-Henry,cobb.org,george64@hotmail.com,0339600910
Collins Inc,simon-hall.com,stevenrobinson@singleton.com,955.312.8973x4479
'Smith, Montoya and Vargas',robinson-brown.org,brandonnorris@yahoo.com,+1-993-052-1296
Sanchez Group,porter-flynn.com,williamfaulkner@yahoo.com,643.326.1563x513
Ray PLC,thomas.com,jeffrey91@blair.com,001-446-458-9800x67111
Myers-Perez,jones-johnson.com,ngardner@hotmail.com,742.573.9291x8719
Peterson Inc,ellis.org,jonesdebra@gmail.com,440.662.5895x92325
Flynn Ltd,boyd.com,hughesjoseph@gmail.com,(455)077-1775x47877
Evans Inc,woods-mcfarland.biz,jasonhenderson@gmail.com,+1-794-664-6637x2235
'Burns, Hunter and Ryan',mcgee-kirk.com,dhunt@hotmail.com,(390)617-9723x53092
Taylor-Yoder,roberts.biz,keithowens@yahoo.com,770.221.8221x614
'Jacobs, Austin and Dunn',hendrix.com,lawrencewebb@farrell.com,(717)407-5084x53659
Hanson Ltd,stone-ayala.org,suttongina@donovan.net,001-138-114-8930x9678
'Russell, Warren and Moore',perez-morgan.com,lindseyanthony@ross.info,1845114527
'Wise, Davis and Whitehead',sherman-harrington.com,ramosjennifer@yahoo.com,001-433-106-6077
Hamilton-Brock,manning.org,ryanmann@rodriguez-mcneil.com,+1-643-629-9451x732
Alexander-Jones,buchanan.com,baileyelizabeth@jackson.com,+1-571-536-4057x023
Turner-Ortiz,rice-dean.com,cathy69@castillo.com,630.300.5252x76267
'Phillips, Rocha and Patterson',hamilton.com,guerrakirsten@smith.biz,7755005450
Allen-Stewart,wilson.info,russell19@parker.com,813-389-9270x6575
'Brown, Jenkins and Gonzales',page.com,christian77@hotmail.com,817.216.6962x78206
Perry LLC,hawkins-smith.com,chernandez@hotmail.com,+1-957-699-5569
'Lowe, Mitchell and Jackson',gordon.com,howardzachary@gmail.com,(585)147-5763x9287
Lam PLC,hall.com,sjones@yahoo.com,327.559.9343x295
Morris-Schneider,jenkins.net,heatherbernard@gmail.com,(579)184-2512
Carroll Inc,glass.com,spark@simmons.biz,+1-981-912-7026x100
Perry and Sons,jackson.net,irwinnathaniel@yahoo.com,001-496-952-4913x5834
Beck PLC,estrada-navarro.net,kathryn70@hotmail.com,347-807-4785
Mejia PLC,figueroa-roman.net,arroyolori@hotmail.com,253.516.2345x6445
Ho-Martinez,boyd.biz,ksexton@gmail.com,+1-087-372-0918x6191
'Burns, Young and Huber',garcia-walter.biz,matthew51@yahoo.com,(299)514-9818x735
Jenkins LLC,hendrix-lloyd.info,pfreeman@murray.biz,1013583882
Vincent LLC,nixon.info,andrewkennedy@smith.com,658.830.1523
Logan Group,davis-villa.info,clementsashley@gmail.com,9246991123
Hunter-Wong,coleman.net,melaniethompson@meyers.org,391.018.8895
Thomas-Fowler,knapp.com,philipwoods@hotmail.com,001-739-053-1598x571
Carpenter LLC,dunn-hill.com,angela16@gomez-evans.com,(140)929-7516x5633
Smith LLC,snyder.biz,jacobsdarryl@gmail.com,005.641.8617x36364
Clark-Miranda,mcmillan.com,gibsontanya@yahoo.com,(637)478-7438x407
Camacho Inc,sosa-strong.com,ericgallegos@cross.com,4564982414
Graham-Phillips,bennett-dorsey.com,david60@hotmail.com,557-857-8407x21282
Anderson-Fitzgerald,smith.com,fletcherjessica@gmail.com,+1-553-203-2440x394
'Thompson, Burns and Barrett',daniel.com,bernard96@yahoo.com,6185571079
Graham and Sons,brown.com,robinbernard@gmail.com,+1-885-126-3890x918
Sims Group,carlson.com,tracimeza@king.info,5341544375
Richardson-Love,price.org,christopher44@gonzalez-russell.com,+1-834-732-5609x47443
'Butler, Norton and Reyes',jackson.net,olsonkathryn@hamilton.com,925-876-3065x0997
'Thompson, Stephens and Wu',riddle-li.com,davidbradford@bates.com,001-181-103-5495x23957
'Rosario, Crosby and Reed',bolton.org,mchapman@yahoo.com,463.028.5201x5021
Moore-Shaffer,hall.net,quinndustin@gmail.com,(526)251-9601x6106
Wilson-Miller,johnson.info,fieldsjennifer@henderson-cook.org,+1-866-402-5926x914
Russell Inc,carter.com,smithsteve@brown-harris.com,618-550-4722x29857
Thomas PLC,ayers.info,ianderson@hotmail.com,816-871-1654
Rojas PLC,gomez.org,rwarren@hill.org,+1-542-591-0435x58438
'Phelps, Perkins and Howell',shah.com,lquinn@gmail.com,(303)962-6971x61384
Ochoa Ltd,peters-page.com,sarahgordon@gmail.com,3996215812
Hall-Gallegos,jones.org,gholmes@yahoo.com,3113230430
Adams Ltd,clark.info,vwilson@hill.biz,(666)246-5125
Christian Group,smith.com,bowmansteven@moody.com,974-200-8394x76687
Gray-Glenn,sexton-wiley.com,erikasloan@hotmail.com,+1-445-475-4119x122
Bailey-Freeman,oneal.com,ywilliams@carlson-gonzalez.com,+1-541-723-6695x1728
Rangel-Callahan,hamilton.com,whiterobert@burns-williams.com,+1-209-193-1369
Brown Inc,mccarthy.com,ashley43@gmail.com,749-517-3806x5336
Howard Inc,mullins.com,jamesturner@yahoo.com,001-631-006-0642x5558
'Kennedy, Calderon and Salas',reid-green.net,gblair@baker.com,995.256.3232x55002
Williams-Sanders,jones.com,hallbrandi@pierce.com,439-633-1077x08191
'Sparks, Heath and Steele',morgan.com,sadams@hotmail.com,656-947-0899
Jones PLC,schmitt-rodriguez.info,vwright@gmail.com,+1-986-538-7040x84688
Baird-Haley,ward.info,djones@yahoo.com,(766)136-9747x890
Obrien-Thomas,james.org,joan36@franklin.com,287.563.7442x2230
Cabrera PLC,ewing.com,perrymaria@gmail.com,811-971-6752
Sanders-Smith,kelly.com,fford@allen.biz,988-778-3691x7567
Thomas PLC,clark.net,mariesampson@hotmail.com,001-240-074-3174x1388
Hull Inc,thomas.com,jonesrichard@schwartz.com,2438241349
'Dawson, Griffith and Hurst',smith.info,bethanygonzalez@yahoo.com,(740)821-6962x5303
Liu PLC,smith-kelly.com,sandramunoz@jackson-curtis.com,495.452.2734
Castillo-Neal,nunez-wang.net,cynthia88@gmail.com,122.394.5984x0945
Edwards Inc,rivera.com,markcooper@hampton-freeman.com,(060)534-8312
Mccoy PLC,ward.net,bestsusan@ortiz.com,039.396.9226x09586
'Anderson, Harris and Smith',turner-coleman.org,alexander88@gmail.com,(809)051-9698
Marquez Group,johnson-garcia.com,melissamaynard@harper.info,851.052.3928
Campbell-Gillespie,weeks.biz,kimberly70@gmail.com,(594)659-5918x659
Sellers-Robbins,bradley-miranda.com,whitneysmith@jensen-carter.com,(259)323-5779x91040
Smith-Joyce,gray.com,mbryant@yahoo.com,+1-346-353-9497x9395
'Summers, King and Brown',rogers.net,whiteamanda@hotmail.com,(020)364-6778
'Sparks, Anderson and Lara',murillo.com,amandabridges@thomas-boyer.com,534-372-5973x7388
'Horton, Snyder and Watson',soto.com,ericaharrell@hotmail.com,2652429861
Kerr and Sons,becker.org,fmontgomery@yahoo.com,(644)001-7057x35414
Turner-Guzman,perez.info,smithmichael@miller.com,+1-886-766-1466x098
Bradley Ltd,pearson.com,kenneth09@hotmail.com,(176)423-8825x4606
Wallace Group,dalton.com,fgreen@gardner.com,302.329.8156x5603
Bennett-Thomas,anderson-martinez.com,ashleyhogan@gmail.com,001-223-744-0609x19338
'Walsh, Banks and Bates',walker.com,howard51@anderson.com,(760)860-3507
Lewis-Sims,davis.net,vgould@long-hall.info,667-239-9516x92814
Chapman-Brown,palmer.net,okaufman@robertson.org,+1-234-690-7270x06663
'Leonard, Rogers and Gomez',hall.com,steven89@cook.com,798-606-8819x290
Jackson-Wise,jordan.com,alexis08@hotmail.com,(146)908-8177x34348
Powell-Simon,allen.net,louis05@ward.com,229-221-8602x348
Johnson-Turner,ferguson-rios.biz,stephaniewilliams@hotmail.com,001-421-779-3681x14354
Patel Ltd,sanchez.org,ysims@gmail.com,692.329.3918
Hill-Butler,pope.com,jameswagner@gmail.com,063.371.2476
'Wilson, White and Rivera',miller.biz,floreswilliam@yahoo.com,567.912.5279x3466
'Aguilar, Brown and Evans',perry-bennett.com,jasongonzalez@gmail.com,978-572-4411x528
'Andrade, Sloan and King',wilkinson-johnston.com,qmiller@gmail.com,+1-010-904-2775x1785
Escobar-Johnson,lin-jones.biz,robin97@gmail.com,040-134-8832
Williams-Turner,shah-marquez.com,holdenstephanie@yahoo.com,567.553.2182x87562
Perez and Sons,rodriguez.info,xsmith@hotmail.com,433.078.9929x394
Mayer Group,nash-gomez.info,watkinszachary@lindsey-williams.org,(404)560-7554x5775
Fitzgerald and Sons,morris.com,cmcdaniel@hotmail.com,945.626.7172
Garcia and Sons,sims.biz,weberjulie@gmail.com,+1-608-282-3560x89173
Leach Ltd,johnson.com,kimwilliamson@hernandez-foster.com,+1-150-594-7023x194
Castro-Shaw,ali-moses.com,smithbrian@yahoo.com,443-560-1112
Hall-Hart,small.info,jbarnes@herring.com,653.813.4770
Willis-Bentley,hurst.com,cmadden@pace-jones.net,+1-607-477-4379x22078
'Clark, Rodriguez and Henderson',hebert.org,matthewhawkins@gmail.com,583.108.4672
Paul Inc,cole.net,weberangelica@perez.com,(108)416-0344x6751
'Brooks, Sawyer and Gutierrez',morrison-abbott.biz,kandrews@gmail.com,126-510-9228x56601
Phillips-Hall,vasquez.com,whood@waller-rodgers.info,+1-748-760-2146x5517
Hale Inc,klein.info,kmartin@warner.info,001-756-224-9500x275
Tran LLC,wright-johnson.com,rgarcia@hotmail.com,7174675777
Reed-Osborn,harris-roman.com,ryancraig@lewis-perez.net,177.622.9155x512
Simpson Group,hanson.com,adamskristin@gmail.com,0935681241
Young PLC,marshall-vaughn.com,laura96@yahoo.com,+1-281-557-3951x7053
Davis-Smith,johnson.biz,wheelerrobert@reed-molina.com,0526291385
'Ward, Thomas and Clay',jenkins.org,jenkinsrichard@may.com,+1-360-772-4719
'Andrews, Vazquez and Chandler',maxwell.info,kelly15@collins-mathis.org,237.836.2171x060
'Leblanc, Archer and Nelson',velazquez.com,charlottenash@hotmail.com,(834)920-7212x868
Becker Inc,contreras.com,mdavidson@hotmail.com,008.513.4039x2112
'Jones, Cunningham and Dean',bender.com,fernandeznancy@hernandez-ballard.info,+1-015-201-8331x3610
Weaver-Long,vaughn.com,williamsonchristina@hotmail.com,(976)262-5757
'Alexander, Boyle and Chapman',cook.com,chad65@briggs-hodges.net,928.960.6520x319
Mejia Ltd,cooper-taylor.org,carolyn55@hotmail.com,952.768.8628x0210
Brown PLC,olson-butler.org,ochristensen@hotmail.com,663-224-7225x5106
Kelly Ltd,dominguez.info,ljones@waters.com,107-585-3369x7200
'Mueller, Evans and Williams',anderson-graham.com,jacob55@hotmail.com,236.146.5238x6651
'Bauer, Shah and Adams',mcneil-lewis.info,franklinjonathan@hotmail.com,713.523.5033x09827
'Chambers, Craig and Collins',west.info,ortizstacey@ramos.com,+1-466-661-3619x49969
Bruce and Sons,estrada.biz,maurice87@hotmail.com,863-327-3316x0987
Faulkner-Wright,trujillo.com,ibrown@cunningham-fox.info,241-159-9049x815
'Miller, Padilla and Jones',miller.com,xturner@moore-reilly.com,728-641-3990
Wilson PLC,townsend.biz,hillamber@griffin.com,001-812-220-0165x110
'Adams, Holloway and Anthony',morrow.com,christina63@hotmail.com,(021)091-4553x1920
Wagner-Dixon,burgess-ortega.info,dsnyder@gmail.com,231-468-2891x20305
Wilson-Mcguire,tanner.info,bryanjacobs@patterson.net,+1-442-576-0433x70001
Ramos and Sons,armstrong.net,woodardangela@charles-lowery.biz,+1-430-165-5781
'Dunn, Ingram and Adams',flores-rodgers.biz,kenneth59@gmail.com,953.302.2732x83085
Moore-Frank,raymond-armstrong.com,gabrielaschneider@hotmail.com,732-366-6036x74250
'Rogers, Kelly and Randall',ford-richardson.org,victoria74@smith-young.com,362.354.4372x99063
Day-Oconnor,riley.com,nicolefernandez@yahoo.com,+1-723-288-0647x14878
Miller-Hardy,hall.com,christopher91@carroll-perez.com,(806)412-1932x12609
Avila-Benjamin,ross-ayers.com,paulwilliams@hotmail.com,001-652-466-5387x8191
Mckinney-Roy,wade.com,allendaniel@arellano.com,303.735.6621
'Martinez, Martin and Hernandez',james-ryan.com,michelle53@ramirez.net,091-297-9529
Robbins Ltd,norris.info,jasonlee@hotmail.com,548-846-2238x949
Santiago-Johnson,miller-robinson.org,mcphersonjoy@gmail.com,+1-954-170-2185x2401
Brown Inc,diaz.com,michaelbrown@hotmail.com,649.345.5356x59309
Jacobson Group,howard.info,koliver@martin-white.com,281-763-6625
Fitzgerald Inc,mcdaniel-schultz.info,smithtracey@gmail.com,321.272.5451x88848
White LLC,stokes.com,moyerjacob@stephens.com,+1-843-782-3624
Lee Group,warren-campos.com,kelsey33@lee-castro.com,6543592770
Schultz Group,hanna.com,othomas@smith.com,+1-139-006-0692x48160
Gilbert Ltd,clark.com,stevenobrien@yahoo.com,001-784-347-6039x41201
'Mendoza, Combs and King',larson.com,troyhancock@berry-bailey.com,980.116.4256x6755
'Williams, Rodriguez and Newton',reed.org,gallegosashley@jones.org,874.067.5825
'Andrews, Atkinson and Gutierrez',donaldson.com,lrichardson@williams.info,+1-060-902-6226x85157
White and Sons,johnson.info,dianegarcia@yahoo.com,001-072-502-5575x23318
'Boyle, Ramirez and Mathis',smith.biz,manuel77@yahoo.com,3664503643
Rodriguez-Jones,green.biz,sandra41@yahoo.com,001-747-044-5346x70990
Shaw-Yates,wright.net,avilatimothy@randolph.biz,9870546135
Larson-Phillips,merritt.info,logan03@hotmail.com,792.127.6413
Stark and Sons,haney-myers.com,brendamiller@dean.info,0481390467
Waller-Klein,chung-gomez.com,ronniefoster@hotmail.com,741.409.9362x58141
Williams and Sons,jones-ferguson.com,kristin75@reyes-rodriguez.com,(994)700-9814x09538
Reyes PLC,macdonald.com,pollardjon@fry.com,(979)502-7719x8725
'Obrien, Johnson and Bradley',lopez.biz,johnsonlaura@soto.com,2311993958
Owens Ltd,goodwin.com,robert29@myers.com,(645)488-2002
'Anderson, Perez and Parker',smith.net,burnssharon@gmail.com,001-327-826-1700x504
Pacheco-Kent,cruz.com,mthomas@gmail.com,+1-307-221-2816x0343
Hill-Mooney,johnson.info,jose58@matthews-kline.com,(390)383-6929x709
Santos-Stevens,brown.net,fernandezchad@davis.org,(996)864-2248x4598
Myers-Miller,dorsey.org,ysmith@sweeney-casey.com,(411)342-7163
'Henry, Vega and Kelly',tran.com,john23@lowery.com,606.734.0639
'Davis, Ritter and Ayala',willis-roth.net,lewiswilliam@gmail.com,001-494-094-9577
Costa-Richardson,hernandez.biz,michellesanders@hotmail.com,+1-456-836-1728
Garcia-Roberts,lee-rush.org,barrettholly@gmail.com,001-794-501-1864
'Boone, Wolf and Berry',soto.com,lgibson@peters.com,681.641.1712x983
Diaz and Sons,thomas.com,lewisaaron@barber-hunt.org,(567)220-4470
Juarez-Mccarthy,williams.net,dsingleton@gmail.com,085.929.0752x996
Mcdaniel Inc,sandoval-wolfe.com,obryant@gmail.com,(735)300-5022x457
Shepherd Group,jones-robertson.com,cheryl39@yahoo.com,036.298.9150
Mccullough and Sons,howard-stevenson.net,paulalewis@hotmail.com,642-090-7757x56818
Robles Ltd,spencer.com,jacob86@hotmail.com,791.891.2602
Rubio-Simmons,white-snyder.com,huntmichael@williams.com,(761)761-4573
'Wade, Hayes and Li',bush-armstrong.com,sarah50@hotmail.com,058-217-0067x6746
'Kramer, Fitzgerald and Sharp',perry.net,lferguson@hotmail.com,488-023-0056x54092
'Nicholson, Ellis and Lopez',jones.com,sandra71@hotmail.com,6520242153
Little-Porter,bates.com,andrewwalker@yahoo.com,0856926089
Smith-Aguirre,burke.biz,allen81@hotmail.com,049.390.0272
Ward PLC,lawson.com,walkertyler@knight-kelley.info,1551443282
Love and Sons,long.com,fullerrachel@white-newman.com,936.446.2720
Graham Ltd,sandoval.com,paigebrown@yahoo.com,6358441663
King-Keller,park-neal.com,ycooper@olson.com,001-626-751-9341x072
'Sherman, Bryant and Cantu',werner.org,kenneth01@gmail.com,(883)973-8391x0162
Roman-Yang,burton-rasmussen.org,maria83@bautista.com,(207)494-5402x261
Mcbride-Snyder,brown.info,tracy20@west.org,4500148095
Stein-Horn,barron.com,johnsonchristian@burton.info,780-972-2026x78971
Huff and Sons,noble-clark.com,fostertaylor@lane-archer.com,837-712-5226x16292
'Henry, Boyer and Gutierrez',johnson-carpenter.com,vmiller@yahoo.com,001-972-329-7910x6623
Lopez-Harrell,molina.com,alanmontes@gmail.com,136-201-0311x8096
'Jackson, Camacho and Carroll',ford-schaefer.com,krichards@brown.com,325-888-1045x7898
Payne-Friedman,yates.com,jbyrd@gmail.com,001-596-352-5314x625
Oconnor Ltd,thomas.com,kimberlyguzman@gomez.com,(284)378-6995x1331
'Wood, Bryant and Wade',cuevas-george.com,michelle66@yahoo.com,225-020-5276x004
'Guerrero, Farmer and Pope',lee.com,taylorluis@gmail.com,001-047-240-3264
'Cooper, Turner and Sanders',brooks.info,across@campbell.com,065.086.1032
Farley Ltd,bowen.com,xfox@gmail.com,+1-214-046-6316
'Anderson, Owens and Stout',knox.com,angela72@harris-chavez.com,(308)527-5179
Mendoza Inc,randolph.com,johnbrooks@gmail.com,256.205.8316x9955
Kidd Group,smith.com,seanwise@hotmail.com,(592)611-5894x85021
Cooper-Butler,perry.org,andersonkelly@osborn.com,(281)906-6601x1156
Garcia Ltd,marsh.com,blakelloyd@gmail.com,966.385.8091x6706
Wells-Gutierrez,jenkins.com,john51@conner.com,649-631-3711x81931
'Clark, Deleon and Benton',turner-hoover.info,william47@yahoo.com,(787)366-3477x82231
Mccoy-Hill,larson.com,christinawheeler@smith-nixon.com,001-722-508-7409x3349
Wells-Mclean,kelly.com,dmartinez@clark.com,7652255858
Rodriguez-Davis,schmidt.org,kellyjames@edwards.org,538.752.7559
Daniels-Crosby,lane.com,uburch@gmail.com,968-465-8207
Gray Ltd,payne.com,kimberlysullivan@yahoo.com,1837707979
Davis-Smith,martinez.biz,blivingston@price-miller.com,269.819.1184x57089
Smith and Sons,smith-dawson.com,wesleypowell@yahoo.com,948.687.1700
Rivera LLC,watson.com,herreracarly@yahoo.com,+1-959-626-1855x054
Smith PLC,walker-sims.com,gina50@hotmail.com,284.743.9625x14343
Johnston LLC,chambers.org,steinmichael@russell.com,(102)598-0483
'Newman, Jackson and Banks',lee-gomez.biz,elizabethgrimes@stokes.com,005-471-6380
Meyer Ltd,andrews.com,lewisteresa@yahoo.com,001-810-744-4673x66951
Peterson Ltd,thornton-phillips.com,jessicaguerra@yahoo.com,9410518258
Armstrong-Barr,hall.biz,ericfuller@yahoo.com,001-084-292-4752x82171
'Wright, Evans and Hernandez',obrien.org,amandaparks@hotmail.com,312.641.8690
'Schneider, Clark and Hartman',davies-smith.net,stephaniebell@brooks.com,498.326.5741x77896
Gonzalez-Griffin,ball.com,paulamoss@walker-johnston.com,001-721-979-4978x6731
Ross-Stephens,hess.biz,myersamy@hotmail.com,(592)214-0480
Miller LLC,george-edwards.net,benjaminkeller@carter.com,527.333.1053x239
'Ruiz, Grimes and Thompson',richards-palmer.biz,john89@hotmail.com,(183)146-0681
'Lewis, Richardson and Rodriguez',stewart-williamson.biz,iwallace@hotmail.com,823-842-3920
'Schmidt, Montgomery and Ramirez',heath.com,matthew78@hotmail.com,001-222-411-7903x080
Howard-Adams,higgins-atkinson.net,davislaura@yahoo.com,423-403-1184x580
'Wilson, Wilson and Shaw',pearson.com,uharrison@sanchez.info,001-783-184-3382x5152
Thompson-White,bailey.net,pdean@johnson-mcfarland.info,630.735.6861
Roach Group,wright.org,msimmons@oconnor-jacobs.com,+1-030-657-2781x44022
'Mcdonald, Jackson and Cortez',dudley-davies.com,obarajas@owens.biz,(211)771-8828x06466
Jones-Johnson,gomez.com,sandramontgomery@yahoo.com,946-902-8174
'Edwards, Delgado and Pruitt',stewart.com,tina87@gmail.com,001-471-838-3652
Collins LLC,watson.com,jennifervazquez@nelson-young.biz,(238)690-7117x280
Graves-Smith,donaldson.org,tanyafrank@poole.org,232-427-7869x31804
'Liu, Burgess and Sanchez',martinez.net,savannah57@gmail.com,212-991-2415x1495
'Weaver, King and Mason',rowland.com,stacycarter@gmail.com,+1-974-336-7332x5866
Ramos Inc,hess.net,jonesjoseph@robertson-boyd.info,819-551-0048x067
Carter PLC,ford.org,brownandrea@davidson-rowe.com,745.573.5265
Parsons Inc,taylor-diaz.org,perezandrew@bell.com,943-994-7717x69642
Carroll and Sons,weiss.com,emily41@henderson-hall.com,181.978.7087x93092
Powell PLC,murray.com,cassandrajoyce@allen.org,272-030-1257x62111
Ochoa-Hampton,collins.org,melissakim@davis.org,(886)676-6469x81623
Short Inc,duran.com,zacharymoore@gross.com,+1-919-409-8879x29261
Bradshaw-Skinner,smith.info,devin83@knapp-phillips.com,840.573.3694x62830
Matthews-Anderson,powell.com,kelly95@hotmail.com,001-468-151-9146x7304
Garza Inc,cardenas.info,michaelcastaneda@woods-schneider.net,670.255.5147x731
'Sanchez, Lee and Sellers',brooks.org,raymondfrank@yahoo.com,+1-597-317-1541
Taylor-Wise,nelson.com,chad99@velazquez.com,351.803.3907x827
Grant Group,sanchez.org,dustin27@gmail.com,5576533167
Keller-Jackson,stephens-lopez.com,roy54@gmail.com,+1-326-938-7348x65479
Maldonado Ltd,perry.com,jennyjenkins@gmail.com,388-710-2805x71345
'Fuentes, Coleman and Russell',owens.com,hoodlaura@rodriguez-norris.com,001-358-957-0749x500
Davis-Kelley,romero.biz,shauncarey@gmail.com,130.781.1319x43170
Clay-Singleton,bryan.com,lorismith@johnson.net,719.658.4342
Perez and Sons,rivera.com,riveradylan@jones.com,+1-854-749-0741
'Hansen, Carrillo and Bradley',gonzalez-hogan.com,kwilson@wiley.com,(460)868-9917x7950
'Rodgers, Hill and Allen',buchanan.net,lisabyrd@moore.com,1353303865
'Carpenter, Johnson and Webb',peterson-moore.com,qkeller@davis-patton.com,+1-769-143-6726x53576
'Castro, Meyer and Roberts',morris.com,gateszachary@jones-hobbs.info,001-743-566-0030x0871
'Alvarez, Francis and Olson',hogan.com,fordcarolyn@gmail.com,1735133693
'James, Cox and Johnson',walker-gutierrez.com,joshua16@yahoo.com,001-502-740-4937
'Simmons, Robinson and Evans',evans-thompson.biz,marshallluis@hotmail.com,(286)978-5427
Atkinson Inc,cox-ibarra.com,paulhill@williams-phillips.info,451-367-0846x692
'Howell, Castro and Green',lyons-brock.com,mary45@hotmail.com,(823)445-9012
Delgado Ltd,bright.com,darryl96@yahoo.com,(952)870-0619x921
Taylor LLC,bowers.biz,ralphbruce@smith.org,5236606649
Ponce-Roberts,wiggins.org,zmills@lopez.com,288-747-3666
'Hughes, Mcclure and Dillon',conway.com,franklindana@ortiz-smith.com,+1-874-800-9839x1377
'Chavez, Carter and Ashley',anderson.net,reedvictor@gmail.com,+1-043-806-9471
'Golden, Holloway and Hammond',warren.biz,joemyers@miller.com,001-680-042-7067x661
Sanford LLC,callahan-nelson.com,thompsonjacqueline@watson.com,5407838458
'Payne, Vargas and Leon',lawrence-wong.biz,blackmichele@hotmail.com,001-105-582-4030
Farmer Ltd,hendricks.biz,jasonmccormick@palmer-ali.com,(090)132-6180
'Smith, Buck and Wilson',mcneil.net,johnsimpson@reid-garrett.info,+1-201-276-5243
'Lamb, Brown and Robertson',foster-gilbert.org,hannah80@wilson.com,+1-997-738-6646x733
Murray Group,kent-holmes.info,rosejennifer@powell.info,(266)539-7632x5147
Mitchell Group,sanford.biz,teresahansen@hotmail.com,538-306-4262x33963
Wall Ltd,richardson.com,jessica96@yahoo.com,(466)682-0372
Harrington LLC,greer.net,smithdouglas@middleton.com,001-223-625-3204x429
Roberson LLC,moore.com,olarson@white-cervantes.com,(151)037-8549x7609
'Bird, Carlson and Gonzalez',george-holmes.com,carlacain@fitzgerald-williams.com,6563218922
Smith LLC,baird-wright.com,amandavillegas@yahoo.com,001-568-041-5207x52932
Meza LLC,rhodes-bullock.net,mooreamber@mitchell.info,+1-148-266-9545
'Griffin, Freeman and Ramos',nicholson-figueroa.net,qnicholson@tucker.com,572.454.8317x232
Ramirez and Sons,elliott.com,nancy19@watts.biz,(055)480-9065x403
Rodriguez-Durham,mccarthy.com,amy95@fowler.biz,571-081-0981x99795
'Dickerson, May and Clark',long.com,leeamber@hotmail.com,(675)200-2506x800
Manning Ltd,singh.com,rmiller@robertson.com,9232314520
'Rodgers, Wells and Barr',kelly-garcia.com,alan04@yahoo.com,161-647-9211x2608
Robbins Group,williamson-hicks.com,patrick78@hotmail.com,972-095-3739x86573
Walter-Davis,bradshaw.com,randy88@kennedy.com,962.706.4714x2907
Schmitt-Carlson,williams-scott.com,amybarker@jacobs-lloyd.com,139-422-5946
'Mejia, Jones and Andrade',james.net,dschmitt@yahoo.com,001-086-865-9528x1485
'Wilson, Brown and Lopez',martinez-martin.info,anthony67@yahoo.com,297-731-6190x1842
Coleman Ltd,navarro-francis.com,anthonyhuber@hatfield.net,844.844.9493
'Graves, Summers and Price',bauer.com,emartin@hotmail.com,+1-211-854-4726x44486
Evans-Curry,lopez-brown.biz,rebeccadiaz@yahoo.com,(019)857-9695
Conway Group,austin-rivas.com,swilkinson@christensen.info,(888)909-5025x3987
'Wolfe, Bennett and Miller',brown.biz,parkercarla@gmail.com,+1-831-001-9270x424
Hill LLC,douglas-anderson.com,brian81@robinson-wright.org,765.965.3283
Mora and Sons,warren.com,cynthiahensley@guzman.com,+1-198-834-9155
Lopez LLC,oliver.net,burkeabigail@miller.com,001-322-254-5836x327
'Morgan, Myers and Thomas',douglas.com,yatesandrew@caldwell-bailey.com,802-732-3426x44194
Lee LLC,knapp.biz,andersonjames@yahoo.com,271-437-4517x0984
'Nelson, Sellers and Herrera',murphy.org,lorismith@hotmail.com,+1-709-697-2315x432
Soto-Cuevas,george-fuller.biz,klowe@gmail.com,812.649.5065x2881
'Rodriguez, Rivers and Rodriguez',moran-wallace.com,mmolina@gregory-king.com,992-313-5119
Wall and Sons,watkins.com,connerdavid@garcia.info,(216)392-9501x5688
Blankenship-Barnes,fernandez.com,lrojas@knox.com,+1-198-743-8698x9382
Taylor and Sons,hines-marks.com,englishjeffrey@middleton.info,6356245297
Morris-Kerr,wilson.com,hhernandez@gmail.com,+1-976-264-5189x92951
Levine-Ross,thomas.com,stewartmatthew@hotmail.com,221-747-4540
Wilson Ltd,collins-anderson.info,veronicaray@yahoo.com,(117)981-6612x87526
Ramirez LLC,hahn.com,andrew09@wolf.com,+1-267-857-7454x7862
'King, Krause and Beck',nash.com,omejia@hotmail.com,(720)873-2197x11815
'Rose, Carter and Brewer',hays.com,lindsayroberts@cruz-curtis.biz,008.821.5823
Collins Ltd,jones-michael.com,donnatorres@yahoo.com,(413)993-2094
Contreras-Nixon,reed.com,vmiddleton@stark.com,+1-699-689-9352
Hernandez-Boyd,meyer.com,marilynedwards@jones-nelson.org,4047335848
'Bell, Stone and Travis',mahoney.biz,dan01@hotmail.com,001-971-919-0145x1898
Aguilar Inc,ramos-monroe.biz,stevenwatkins@gmail.com,001-583-114-0599x2330
'Martinez, Sexton and Fowler',johnson.org,ortizbianca@hotmail.com,296-222-7015x625
Smith Inc,frye.com,katherine18@jones.com,419-664-9026x9244
Collins LLC,kim.com,patrickgallegos@yahoo.com,9275605850
Kelly and Sons,reyes.info,jason36@williams.com,001-558-808-6331x5282
Gilmore-Park,bridges.com,jamesnash@martinez.com,3427276830
'Jones, Jennings and Fuentes',vazquez-vega.info,rossashley@hotmail.com,001-845-676-7237x57596
Rogers LLC,hoffman.com,nthompson@hotmail.com,9015579102
Ramirez and Sons,carter-thomas.com,brendamoreno@yahoo.com,001-476-657-2588x212
'Diaz, Morales and Moore',johnson-simpson.com,tlam@jackson.com,+1-362-398-7032x363
Watson-Sanchez,rojas-peterson.com,davidsonlisa@miles-taylor.org,395.333.0866x0492
'Dyer, Gonzales and Kelley',johnson.com,scottmcgrath@hotmail.com,735.061.7778
Smith-Washington,alexander-morgan.com,kbyrd@gmail.com,060-784-8965x674
'Harrison, Gonzalez and Forbes',reyes.com,angela92@gmail.com,135-825-1735x7691
Vargas LLC,smith-rodriguez.com,angela78@barajas-reeves.info,+1-773-326-6682x885
'Moore, Johns and Hernandez',smith.com,robin03@bell.com,(985)816-4507x20631
Mathis LLC,stephens.org,blairdeborah@wang-phelps.com,193-952-9711x294
King Ltd,baker.org,atkinsrachael@hotmail.com,001-853-837-1336x50273
Moore Group,carpenter-wiggins.com,smithmark@yahoo.com,548-539-1172x806
Lamb-Harvey,mills.com,lindsey74@gmail.com,163.378.6921x2903
Robertson-Stevens,bell-davis.com,enewman@yahoo.com,835.258.4719
Gill PLC,bailey.com,mark65@gmail.com,(205)808-1732x5189
Hebert-Myers,williams-schneider.biz,blairelizabeth@yahoo.com,001-641-177-4315
Fuller-Anthony,griffin-knox.com,julie92@clements.com,+1-478-446-2566
Baker Group,williams.com,levi69@yahoo.com,5403210321
'Mcneil, Gregory and Smith',perez-carson.com,alexandercharles@yahoo.com,535.695.3477
Wong-Burch,thomas-burns.com,bayala@goodman-cabrera.com,(888)550-5038x6280
'Smith, Roberson and Fischer',mason.com,bjones@maldonado.com,209.536.8625x080
Mason-Brown,williams.com,youngdiana@thompson.info,252-124-1850
Dean Inc,rice-roberts.com,devingordon@peterson.com,(258)995-2088x9413
Adams-Barr,pham.info,aflowers@hotmail.com,001-370-614-2813x75930
'Johnson, Howard and Mendez',guerra.com,kylejackson@hines.com,655-632-2106
'Mcdaniel, Frederick and Miller',castro.org,cristinahess@daugherty.info,553-386-6545
Castro-Watson,choi.org,pamela13@west.com,(903)358-3777x152
'Stewart, Cuevas and Henderson',jones.com,nielsenpaul@romero.com,377.368.8844x03465
Parks-Hurst,ramsey.com,pcarpenter@yahoo.com,851.802.2167
'Rodriguez, Wright and Wilcox',hickman.biz,rodriguezsarah@yahoo.com,+1-315-506-9286
Moore-Howell,richmond.com,kathleen39@yahoo.com,001-189-971-1663x56427
Rodriguez Group,brown.net,qgarcia@yahoo.com,700.726.9760x7876
Cole-Anderson,ford.com,kimberlyburnett@hotmail.com,+1-239-446-1766x62719
Mathews-Odonnell,lozano-cobb.info,jeffsullivan@castillo-allen.info,0045291046
Valencia and Sons,martinez.org,john89@gmail.com,(577)097-5052
'Singh, Douglas and Lee',michael.com,andrea76@gmail.com,(182)620-8886x97512
'Shaw, Stephens and Henderson',jimenez-lester.org,enorman@hotmail.com,001-267-262-6630x350
'Flores, Singleton and Owen',butler.com,markgilbert@hotmail.com,001-130-356-7173x37559
Thornton LLC,howell.com,elizabeth56@webster.com,+1-588-073-1699x602
Jenkins LLC,gonzalez.com,meganflynn@pope-stevenson.com,097-343-7087x10845
White-Leblanc,cole.biz,juliathomas@wright.net,+1-317-458-6089
Watson PLC,price.com,jason42@orr.com,767.105.9408x954
Martin Group,collins.biz,jillburton@adams-freeman.net,469-985-7872x304
Wallace-Jennings,daniels-taylor.com,lmiller@gmail.com,001-714-813-8019x094
Norris-Johnson,jimenez-lopez.com,brettevans@franklin.com,001-693-374-7167x467
'Rodgers, Smith and Barajas',jones-tran.com,stevennash@barrett.com,0577247876
'Mcgee, Shaw and Stanton',poole.org,mross@gmail.com,419.447.2756x5968
'Campos, Lopez and Jackson',jackson-alvarez.biz,bridgeslatoya@clark.com,8946011470
'Cain, Hayes and Mckenzie',white.com,johnbell@cowan-thompson.com,142-523-5818x586
'Martin, Rasmussen and Scott',jackson.net,kdean@rivas.com,206.277.1163
Bowman and Sons,ferguson.com,suzanne82@yahoo.com,7602828492
Branch-Duncan,morales.com,qhull@hutchinson.biz,+1-904-349-8640x55754
'Barrera, Lynch and Little',moore-johnson.info,robert36@martin.biz,+1-001-337-3436x93805
Walker and Sons,galvan-roberts.com,vanessahughes@cline.com,003-433-9307x8613
'Campbell, Lane and Guerrero',caldwell.com,hbenson@jackson.com,682-118-4924x035
Powell-Cohen,martinez-green.com,kevin12@yahoo.com,(209)689-9179x426
Hurley Ltd,robertson-hill.com,evelynbrown@hotmail.com,409.069.4970x77466
Taylor-Johnson,velazquez.com,johnhall@jones.com,(561)019-4375x36307
Davis-Moore,hansen.com,margaret60@sanders.com,151.497.6144x74758
Kemp-Davies,massey.net,savannah01@yahoo.com,(081)310-1712x60274
Knight PLC,williams.com,djordan@watkins-willis.com,(977)707-8191x15966
Bridges LLC,rodriguez.com,rossjohn@yahoo.com,(838)327-2479x962
Henderson-Ellis,frederick-shields.com,bchandler@gmail.com,001-101-747-2670x3870
Martinez Inc,jones.com,joshuarhodes@yahoo.com,808-676-8772
'Frost, Mccarty and Jones',young.com,collinsgabrielle@yahoo.com,+1-348-393-8638x1030
'Stewart, Savage and Evans',barrett.com,craig49@hotmail.com,742.001.2396x15188
Park LLC,rodriguez.com,kylie82@sutton-graves.org,(313)199-8403
Campbell LLC,sullivan.com,latoyachan@west.info,(601)943-8384x0256
'Peters, Ortiz and Morris',gray.com,tiffany50@moses.info,001-620-983-9599x58849
Price-Page,thomas-manning.com,phillipsamanda@huffman.com,353.650.5123x88483
'Miller, Salas and Jensen',smith.info,cblankenship@hotmail.com,5550112403
Smith Group,kim-cook.org,drewsaunders@pena-flowers.com,732.501.3895x2546
Myers-Hall,gross.info,david98@holland.com,+1-152-837-2142
Brown Inc,ramos.info,kelly67@gmail.com,001-709-722-0420x8633
Kim-Anderson,sanders.org,williamthomas@peters.org,267-973-4321x830
Hernandez Inc,phillips.org,daniel10@martinez.net,675.925.4197x57679
'Rodriguez, Long and Poole',garcia.com,timothyperry@gmail.com,1994767724
Stewart-Nelson,wilson.com,sarahwhite@gmail.com,001-007-362-7646x783
Young Inc,mcdonald.com,lmckinney@yahoo.com,001-946-277-1067x4869
Walker LLC,hardin.com,tonibennett@hotmail.com,(063)282-8124
'Davidson, Durham and Spears',martin.net,andrea87@smith.com,8834843841
'George, Edwards and Mcmillan',marsh.com,ricky38@todd.net,(781)910-4837
Delgado Inc,reed-king.com,jellis@thompson-harris.info,(623)100-1005x540
'Wise, Lopez and Barnes',brown.biz,ann41@yahoo.com,7454134537
'Schwartz, Mason and Ware',vaughn-marks.com,william98@yahoo.com,(508)158-3121
Pearson-Becker,owens-carr.com,bsmith@rios.com,937-133-6666
'Reese, Smith and Santos',lam.com,fking@powers.com,929-099-9641x8608
Smith LLC,flores.com,robbinsdiane@weaver.biz,005.919.6507
Hill PLC,sutton.com,frazierlaura@gmail.com,+1-425-607-5392x71035
Barnett and Sons,george-matthews.com,melissastephens@gmail.com,338-589-5838
Simmons-Bailey,gray-wiggins.biz,jason02@gmail.com,266-106-6785
Lopez Group,anderson.com,costajames@schmidt-singh.org,+1-169-187-3815x5541
Nielsen PLC,rodgers.org,vmiller@smith.com,786-990-2966x396
'Zamora, Ayers and White',lee-friedman.com,nwilliams@yahoo.com,(085)775-7848
'Archer, Randall and Owens',sampson.net,mary96@yahoo.com,(660)581-7141x90539
'Wilson, Combs and Phelps',taylor-mcpherson.com,sean88@ortiz-jones.com,+1-031-927-3551x7438
Lang-Perez,estrada.net,twilliams@gmail.com,+1-154-481-6273x387
Diaz-Blankenship,webb-salinas.com,thompsonsherry@alexander.com,496-264-0402
'Schmidt, Watson and Hayes',castillo-cisneros.org,hmartin@ramirez.biz,+1-437-321-6649x620
Davis-Cardenas,james.com,kimberlymartinez@johnson-mcmillan.info,246-304-3712x394
Greer-Boone,zuniga.info,nboyd@fischer-giles.org,447.145.7227x3994
'Rodriguez, Marquez and Brown',hernandez.com,holly24@simpson.net,820.188.5236x024
'Reed, Hurley and Reynolds',burton.com,ewolfe@acosta-vasquez.net,001-520-428-9695x5958
Reynolds-Wolfe,king-hardy.biz,tnelson@yahoo.com,122.915.8837x0346
Bates-Ochoa,hall.biz,barbermichelle@yahoo.com,718-326-8337
Gardner and Sons,wilkerson.info,allen81@arias-nichols.com,(553)033-4643x765
Garcia PLC,ramos.info,jeffreyarmstrong@orozco-sanchez.com,001-787-518-6886
'Preston, Boyd and Martinez',wallace.com,brendan06@richmond-kelley.com,708.878.6095x605
Davis-Esparza,hess-thornton.com,jennariley@gmail.com,(425)697-1230x786
'Beard, Gonzalez and Gonzales',holden.com,jorge69@rivera.org,001-606-706-0322x38939
Martinez PLC,simpson-rios.biz,fletchereric@hotmail.com,852-047-9257
Hernandez-Adkins,castillo.com,tammy21@franklin.com,(205)522-8541
'Ritter, Weber and Wilson',davis-blair.org,ygonzalez@ford.com,5933644011
Johnson-Griffin,jones-simmons.info,carolbrown@gmail.com,(492)087-4722x2982
Rodriguez-Kim,morgan-patel.info,sarahgriffin@yahoo.com,444.742.1271
'Navarro, Nixon and Kelly',salazar-young.net,vdavis@taylor.info,001-273-693-5204x6627
Frazier Inc,griffith-thompson.biz,ooneal@davis.info,001-003-298-3424x267
Ayala and Sons,miller-garcia.com,ronaldrich@hotmail.com,(780)486-1150x94231
Vasquez-Jensen,curtis.com,rhuang@hotmail.com,001-349-511-3770x3449
Moore Inc,sharp.com,jeffrey48@yahoo.com,001-633-069-1469x7928
Phillips Inc,dillon-fitzpatrick.com,bernardkevin@fisher.com,084.747.5224x288
'Mckinney, Vargas and Russell',robinson.com,shannonmorrison@carter.info,(303)496-8424x53119
'Golden, Deleon and Romero',friedman.net,ewagner@williams.com,7565059873
'Flores, Wong and Carr',craig-lane.net,nicholsheather@sanchez.com,018.175.6978x258
'Burns, Warren and James',page.com,jonathanbautista@chen.com,+1-954-692-2437
'Goodwin, Chambers and Johnson',martin-hoover.com,traceyerickson@gmail.com,(936)000-7451x952
'White, Armstrong and Davis',collier.com,juan94@gmail.com,169-250-5791x70575
Ward-Fields,cox.com,lindseymaynard@reyes.info,547.622.2201
Freeman Inc,moore.com,douglas39@foley.net,337-557-9147
Jones-Martinez,hurst.org,john61@cervantes.biz,(483)469-6833
'Davidson, Smith and Stevens',fox.com,cgreen@hotmail.com,(151)647-1125x13828
Ellis-Brown,perez-proctor.com,freywilliam@yahoo.com,591.418.8504
Ramirez Ltd,carpenter.biz,kathryndavis@yahoo.com,195-101-4994
'Francis, Baker and Lewis',nelson-rodriguez.info,leslie09@palmer.com,(450)695-7349
Anderson Group,hardy.info,richard99@ross.com,001-213-389-9845x401
'Donovan, Miller and Gonzalez',graham.com,rodriguezchristina@gmail.com,(106)158-0585x35432
'Le, Jennings and Fox',sellers.com,vanessagibson@yahoo.com,875.601.5062x3169
Dixon Ltd,richard.com,david76@hotmail.com,512-707-7197x74414
'Meyer, Rogers and Harris',fox-johnson.com,jaredlang@yahoo.com,493.666.0796x6362
Farley-Rhodes,sloan-ferguson.com,john89@yahoo.com,987.536.4039x678
Hutchinson Inc,miller.com,morenotracy@gmail.com,(600)985-6697
'Beard, Thomas and Roach',lee.com,carolmarshall@adams-sanchez.org,3724185820
Marquez LLC,guerra.biz,debra09@nunez.com,(695)087-9728x895
Smith LLC,davidson.com,samanthanelson@gmail.com,317-964-5853x03349
Love-Johnson,shields-green.com,johnholt@berger-wagner.com,541.837.8096x92054
'Wagner, Phillips and Mcneil',brown-gross.com,patricia11@leblanc.net,420.304.5275
'Vasquez, Carrillo and Allen',baldwin-dunn.biz,alexisramsey@yahoo.com,956-269-2050
'Perry, Cook and Gilbert',greene.net,bgross@gmail.com,707.941.8097
Nelson LLC,allen-gray.com,ccardenas@gmail.com,(774)384-4046
'Williams, Johnson and Wang',smith-novak.org,christophersmith@gmail.com,+1-981-960-4505x74922
'Pitts, Brown and Anderson',edwards-jones.org,fcarey@yahoo.com,(505)321-8198
'Calderon, Bradshaw and Nash',brown.com,becky62@torres.org,505-871-3395
Li-Myers,lee.com,bowengabriel@yahoo.com,638-770-5965
Hensley-Ford,miranda.com,bcampbell@yahoo.com,001-263-801-9536x12902
'Harris, Moore and Carter',webb.com,cummingsdavid@gmail.com,001-726-993-9042
'Patterson, Drake and Barrett',novak-powell.biz,jennifer92@cox.com,409-363-5409x2757
'Richards, Taylor and Olson',thompson.com,christine04@yahoo.com,+1-554-801-7702
Benton-Hill,pruitt-villegas.com,jonathanflynn@hotmail.com,260-447-1644
Ortega Ltd,beard-williams.biz,melissa83@hotmail.com,721.777.6823x9109
Mcdonald-Robbins,richardson.net,larsonyvonne@davis.com,+1-539-099-2453x390
'Swanson, Harrison and Taylor',meadows.com,jonesmichele@williamson.com,194.517.5654x2836
'Williams, Campbell and Jones',nelson.net,chelsey54@hotmail.com,+1-528-625-2495x729
'Lindsey, Phillips and Hall',hernandez.info,elizabethbailey@gmail.com,(321)898-7883x937
Martinez-Duncan,vazquez.com,jessica46@hotmail.com,027.762.7920x026
Burton-Smith,davis-schneider.com,carolyn87@banks-robinson.com,(082)550-2380x105
Mcconnell-Brown,martin.com,morrisrachel@phillips-wiley.com,779.809.5467
Hoover-Sharp,berry.com,shafferdillon@hotmail.com,(362)404-1786x0545
Foster and Sons,parker.com,ldavies@yahoo.com,495-013-9596x78233
'Torres, Brown and Williams',smith.com,sortega@gmail.com,088.405.4755x107
'Vasquez, Delgado and Paul',smith-gonzalez.com,ryanjackson@hotmail.com,(777)078-9252
Parker Inc,mcneil-ashley.info,lynncruz@yahoo.com,985-024-1368
Rasmussen LLC,thomas.com,kburns@webb.info,401.561.3746
Mathews Ltd,brown-morris.com,cookandrew@gmail.com,502.694.6404
Davis-Carter,miller.biz,davidsparks@taylor.com,(833)368-8926x51349
'Austin, Garrett and Fitzgerald',carpenter.com,aday@gmail.com,132.110.1994x56821
Armstrong-Mullins,lee-martinez.com,annerobinson@yahoo.com,045.505.9331x34649
Wall PLC,ward-castillo.org,pschwartz@reyes-townsend.net,001-031-645-6149x3627
Powell-Warner,wilson.com,todddavid@booker.net,+1-816-559-9063
'Ramirez, Jones and Ramirez',mcmahon.com,brettkim@yahoo.com,(454)191-4450
Alvarado PLC,marshall.com,timothymason@montoya.net,273-864-6086x023
'Salas, Hill and Harris',morton.com,zsmith@gmail.com,0708941895
'Russell, Osborne and Rose',kelly-sanchez.com,cherylhall@gmail.com,(831)077-8202x6893
'Calderon, Stewart and Cook',brown.biz,mmyers@miranda.com,743-344-5825x052
'Murphy, Graves and Williams',hudson-yang.com,erica46@gmail.com,(481)282-5792
Lawson-Velazquez,dodson.com,jonesterry@yu.info,516-693-5637
Lucas-King,stone.com,stephanieallen@gmail.com,031.568.0565x570
'Thomas, Mcneil and Robinson',mitchell-jordan.info,thomaswoods@yahoo.com,+1-888-285-5607x8656
Johnson Inc,whitehead-ward.org,burgessjames@jennings-leach.biz,001-395-206-2475x04102
Hernandez Ltd,cervantes.com,kevinphillips@yahoo.com,(996)544-8785
'Thornton, Gonzales and Doyle',wright.com,cynthia31@williams-king.com,9328553804
'May, Richards and Rivera',bell.org,phillip30@farmer.com,973.919.4062
'Hull, Forbes and Stewart',walsh.org,fflores@lynch.com,2342194094
'Watson, Spencer and Rosario',barrett.org,stephen13@hotmail.com,1749278354
Ward Ltd,williams.biz,sarah61@maldonado.com,+1-394-533-0800
Higgins LLC,villa-hudson.com,mharrison@yahoo.com,101-759-4507
'Stewart, Osborne and Bates',wilson.info,patrick79@edwards-hunt.com,268.162.3832
'Robinson, Murphy and Cox',ramirez-harrison.net,meltonaudrey@adams-taylor.com,553-289-8111
Santos-Mcbride,campbell-brooks.com,barrydavies@hotmail.com,595.546.3530
Zamora Group,brown.info,nicole06@bray.info,001-687-185-4422x405
Ramirez Ltd,glover-pitts.com,stevendrake@gilbert.biz,902-298-2944x602
Cooper-Ellis,harper.com,edwardbradford@stone-mitchell.net,548.217.8860
Hansen-Richardson,miller.info,nathansnyder@smith-watson.com,5941952872
Martinez-Bauer,bright-wang.biz,caldwelljennifer@hotmail.com,001-521-491-3864x193
Young-Rodriguez,schmidt-choi.info,ryanrosales@yahoo.com,540.142.8263
'Black, Cobb and Harrington',diaz.com,vargasjames@thomas.org,087-510-6675
Dixon-Green,hicks.com,stephennorman@hotmail.com,(184)218-6030x734
Oneal Inc,wheeler-clark.com,vwilson@conley.com,(907)934-4374
Taylor-Ward,romero.com,andrewdavis@estrada.com,019.883.9516
Mcbride Inc,martinez-moore.biz,jhunter@hotmail.com,+1-007-481-7165x71497
Craig Inc,castro-chen.net,fowlerclayton@gmail.com,643-070-6612x0859
'Zimmerman, Carter and Walker',whitehead.com,jonathan30@yahoo.com,955-377-0318x32169
Rasmussen Ltd,rodriguez.com,tina38@good.biz,+1-731-220-1151x52242
Russo-Hernandez,nguyen.biz,noblemolly@yahoo.com,369-461-9422
Guzman Group,serrano.com,thall@yahoo.com,+1-269-954-7471
'Carter, Torres and Roman',stevens.com,lgardner@rocha.org,3924915299
Stone LLC,west-rios.org,pwilliams@ferguson.com,+1-722-031-7362x74131
Howell-Rivera,pittman.com,clinton44@butler-sanders.com,861.919.7968x44484
Johnson and Sons,krause.com,thompsonalexis@hernandez.info,587.340.6541x08386
Chapman Group,robinson-hunt.com,david87@yahoo.com,(626)874-6684
Brown-Gonzalez,stevens.info,reyeseric@hotmail.com,4609914664
Chapman Ltd,vargas.com,amanda01@gmail.com,(283)104-9024x1579
'Patton, Martinez and Lee',stevenson-garrison.com,michael73@gmail.com,646.223.3603x03635
Hernandez and Sons,chambers.com,pchavez@yahoo.com,(795)922-1622
Rice Inc,orozco.com,leemelinda@harding.com,(173)821-4204x34603
Werner-Coleman,martinez-sutton.com,rileyderek@george.net,001-514-205-4949x707
Griffin PLC,nixon-holt.com,kathy24@carlson.org,494-486-0474
Davis and Sons,martin-simmons.com,brookehouston@collins.com,5559789821
Meyer Ltd,miller.com,amanda87@hotmail.com,001-477-338-0742x53524
Escobar-Caldwell,hurley.com,johnsontraci@baker.info,001-750-821-4984x074
May-Aguilar,brown.com,patrick61@craig.com,608-565-4146x01871
Peterson PLC,brown-peterson.com,jessica70@yahoo.com,(832)069-5070x70564
Velez Group,solomon.com,hernandezkathleen@gmail.com,(291)233-6893
'Johnston, Williams and Hernandez',willis.com,manningcharles@scott.org,308.768.3779x06746
Perez Inc,lewis-myers.com,jenkinsronald@gmail.com,206-350-7666
'Robinson, Hall and Baker',fernandez-zamora.com,jennifer51@hotmail.com,001-978-345-3313x15890
Mcgee-Morales,hughes-chase.com,zdiaz@nielsen.biz,(343)944-4456x38175
Fisher-Villanueva,peterson-davis.com,fcallahan@odom.com,5970701534
Morrison-Pena,romero.com,daniel67@yahoo.com,(977)308-8442
'Holmes, Cox and Bennett',parker-perez.biz,darlene42@greene.com,(107)823-3630x87230
'Moss, Chan and Gonzalez',porter.com,jeffrey39@clayton-martinez.com,739.254.2947x7378
'Byrd, Pope and Phillips',newman.com,leslie88@gmail.com,2742971512
Phillips-Johnson,russell-owens.com,yweaver@gmail.com,4018887807
'Rhodes, Marsh and Payne',velasquez-davidson.com,carterpatrick@taylor.org,853-554-1973x69392
'Phillips, Allen and Bryant',morrison-nguyen.com,ryanpeterson@taylor.biz,+1-591-282-1115x80681
'Montgomery, Lambert and Tate',reed.info,michaelcervantes@gmail.com,001-058-789-4896x104
Johnson Group,good.com,lindseymaxwell@gmail.com,+1-786-704-9724x4994
'Hurley, Bauer and Anderson',peterson.com,clozano@yahoo.com,+1-863-499-8560x0452
'Long, Parsons and Morales',martin.com,arthurmeyers@torres-kane.com,895.445.0815
'Leonard, Stokes and Clark',pierce-schmidt.biz,agibson@hotmail.com,+1-783-310-7012x742
'Smith, Nunez and Wall',green.com,lisamoore@gmail.com,+1-192-726-2770
Conway PLC,morton.net,prattdebbie@ruiz-booth.com,+1-062-060-6438x07569
'Moran, Burnett and Miller',everett.biz,tiffany31@carroll-powers.com,0225229990
Brown Inc,campbell.biz,ztanner@allen.org,+1-326-795-2230x487
Anderson Ltd,murphy-hall.org,mbrandt@hotmail.com,(747)655-3432x5214
Miller Inc,day-keith.com,petersonchelsey@yahoo.com,(778)689-4659
'Green, Martinez and Edwards',sanford-barrett.biz,bartonrachel@gmail.com,(976)588-0172x519
'Ayala, Jones and Williams',evans.biz,gregoryterrell@hotmail.com,(568)522-5197x991
'Griffith, Rivera and Pena',meyer.org,alyssafuller@carlson-wiley.biz,(317)267-7983
Thompson LLC,hunter-miller.com,homegan@gmail.com,(800)785-0416
'Williams, Curtis and Collins',rodriguez.com,sarawilliams@clark-barnes.com,(026)411-2585x0110
Tran Group,lawson-jones.com,juliawagner@hotmail.com,001-993-466-2974x39389
'Evans, Mcintosh and Brown',mckenzie-young.com,luke41@schwartz.org,559-365-6956x8962
Howard-Reynolds,robbins.org,newtoncurtis@hudson.com,193.269.1061x4014
Coleman Ltd,lopez-khan.net,traceygreer@romero.com,(305)229-0036x170
'Nelson, Nguyen and Morris',atkins-lewis.com,rfaulkner@massey.info,0572439299
'Bailey, Rogers and Johnson',johnson.com,deandonna@jackson-roberts.com,212-972-9493x6700
Douglas LLC,barrera.com,garyrivera@yahoo.com,(762)862-1166
Garcia-Vargas,small-rodriguez.net,ryan75@howard.biz,(391)628-4377
Johnson LLC,kennedy-meadows.com,qvazquez@yahoo.com,+1-363-420-1341x263
'Stewart, Harris and Martinez',morales-curry.com,davidclark@horton.com,001-527-534-1952
'Rosales, Jarvis and Barnes',howard.com,yromero@williams.com,1434061438
Wolfe-Hunt,vasquez.com,lauramiles@ellis-ferguson.net,(454)890-3675
Davis-Garcia,little.com,nathandavis@yahoo.com,(005)143-3204x3244
Thompson-Jackson,walls.org,josewelch@gmail.com,(642)073-2942x7075
Newton-Ramirez,smith.biz,bparker@huff-martin.com,+1-938-161-7821
'Burgess, Green and Lynch',moyer.org,kimberlyrasmussen@yahoo.com,617.255.3560x2464
'Mcguire, Simmons and Lopez',stephens-garcia.info,dustin90@gmail.com,654-576-8592x3291
Bradford and Sons,hardy.com,smallphilip@smith.com,+1-450-142-7284x22225
Warren-Leonard,williams.com,pamela86@wilson-lane.com,+1-142-160-4899x775
'Reid, Torres and Cruz',hansen.com,garciatroy@gmail.com,+1-479-515-5425x400
Wells-Blackwell,wong.com,jsmith@yahoo.com,(051)906-8194x17274
Walker-Allen,le-li.com,boydmelissa@hotmail.com,801.035.7324
Rodriguez Inc,mullins-jones.biz,alyssarowe@johnson.net,+1-994-932-0607
Anderson Inc,le.com,ericarobinson@gmail.com,(355)080-9994x103
Roberts-Bryant,williams.com,erica35@hotmail.com,(819)936-4649x78386
Miller Group,kidd.com,elizabethfinley@hotmail.com,199.472.9226x279
Moss-Rhodes,orozco.com,christophercampbell@gmail.com,448.093.9421
Davis-Owens,white-davis.com,loganwilliams@berg.com,509.927.3613
Smith Ltd,jenkins.org,jasonlyons@jones-powell.com,(763)801-9837x64847
Wiley LLC,gonzales.com,elizabethprice@williams.com,(789)876-4926
Martin Group,montes-castro.com,moorehannah@cummings-macias.com,120-838-5396x94253
Copeland-Frye,gomez.com,jake90@gonzalez.com,+1-846-066-0008
Dixon Inc,coleman-walker.net,wroberts@hotmail.com,+1-207-546-6206x3049
Pittman PLC,nelson.info,marykim@yahoo.com,(162)102-5282x0975
Clark-Elliott,moore.net,stewartedgar@gmail.com,1787317568
'White, Jones and Obrien',peters.com,ojohnson@carr.info,820.187.6684x816
'Horton, Morris and Lewis',lee.com,steven36@stone.info,160-366-0903
Wilson-Gomez,walker-hood.com,jeffersonsean@moore-hubbard.com,369-726-8562
Gentry-Wood,jennings.com,nburns@cochran-jones.net,255.699.1311x3184
'Vaughn, Graham and Buck',coleman.com,yramirez@williams-johnson.com,+1-289-702-1673x768
Gutierrez Ltd,church-williams.com,sdillon@hotmail.com,+1-662-846-9662
Stuart-Chapman,novak.com,steven03@hotmail.com,(124)831-0688x056
Zamora Ltd,reed.com,tswanson@gmail.com,(577)813-9926x55487
Henderson-Compton,barnes-mason.com,jeffrey35@gmail.com,+1-282-808-5014x3447
'Nelson, Green and Lewis',trujillo.com,whowell@hotmail.com,604-049-9546x16976
'Brown, Mann and Wheeler',harris.info,ndunn@thompson.org,(796)458-2541
'Steele, Velez and Salazar',williams.com,rodneyhughes@jones.com,641-211-4228x753
Simpson PLC,murphy.com,smithmonica@hotmail.com,(485)164-0438
Booth Inc,thompson.com,ocherry@cabrera.com,+1-451-597-3857x143
Phillips-Rocha,roberson.biz,serranojanice@johnson.net,5406059655
Bailey PLC,salinas.org,jeremy88@gmail.com,994.614.1677
Clark-Neal,ramos-lara.com,sean73@sullivan.com,4024994610
Cherry-Sanchez,cruz-brandt.org,zjones@gmail.com,919.829.1504
'Bell, Watkins and Reyes',rodgers.org,uthompson@hotmail.com,(971)249-0467x8760
Patel-Carroll,nunez.biz,shannon53@yahoo.com,+1-446-538-4536x3377
Nguyen Inc,mata-ryan.com,dalehanson@hotmail.com,537-826-3307x431
'Horton, Castillo and Peterson',sanders-melendez.org,kathleenharris@smith-ayala.info,(871)820-8224x5786
'Hopkins, Graves and Hobbs',smith.com,duarteerika@yahoo.com,385-785-0404x9278
'Singh, Dawson and Berry',adams-callahan.net,paynealex@yahoo.com,001-367-742-5795x24797
Kirk Inc,nelson-herrera.com,ajohnson@hotmail.com,001-918-826-5664
Ross Inc,carrillo.net,ydawson@gmail.com,502.471.9018x45917
Collins-Barr,walker-li.com,flemingmichael@lee.org,425.490.9597
Smith-Jones,hatfield.biz,melissa75@fisher-reese.net,(873)057-5519x981
Wade LLC,griffin.info,smoore@yahoo.com,001-821-469-2877x6211
'Brown, Fleming and Davis',anthony.com,jonesmisty@thompson.info,(762)140-8439x015
'Cross, Vaughn and Hall',cole-moore.biz,aliciadelgado@williams-may.com,+1-752-907-8996
Gutierrez-Lester,hall-fleming.net,hpena@daniel-scott.biz,765.264.9868x3530
Medina-Copeland,jimenez.com,john94@garcia.info,766.873.4364x850
'Barrera, Alexander and Avila',harris.net,michael03@gmail.com,(945)958-1612x390
'Perez, Hill and York',lopez.biz,owensstacy@obrien.org,+1-969-863-3259x561
Norris PLC,simon.net,kellygilbert@ross-martin.com,746-063-8712x75632
Valdez-Cline,turner-brown.com,bryanmorris@robinson-mason.com,417.119.9790x583
King-Brown,morales.info,goldenhannah@gmail.com,497.255.7814
'Cook, Wolfe and Boyer',wiggins.com,austinlynch@hotmail.com,045-768-5829x4408
Johnson-Howard,carr-jordan.com,haaslori@cardenas.info,775-766-5245
Shelton Group,anthony.com,zvazquez@gmail.com,724.053.6760
'Carlson, Skinner and Dunn',cruz-velazquez.com,cpalmer@santiago-faulkner.com,248-784-9292x68203
Hampton PLC,obrien-moreno.com,kyleodonnell@navarro.org,+1-543-575-4464x86762
'Park, Pena and Brown',greene.com,johnstonwilliam@hotmail.com,001-632-508-5717
